--
-- PostgreSQL database dump
--

-- Dumped from database version 17.4
-- Dumped by pg_dump version 17.4

-- Started on 2025-05-07 02:44:36

SET statement_timeout = 0;
SET lock_timeout = 0;
SET idle_in_transaction_session_timeout = 0;
SET transaction_timeout = 0;
SET client_encoding = 'UTF8';
SET standard_conforming_strings = on;
SELECT pg_catalog.set_config('search_path', '', false);
SET check_function_bodies = false;
SET xmloption = content;
SET client_min_messages = warning;
SET row_security = off;

SET default_tablespace = '';

SET default_table_access_method = heap;

--
-- TOC entry 218 (class 1259 OID 17564)
-- Name: addresses; Type: TABLE; Schema: public; Owner: postgres
--

CREATE TABLE public.addresses (
    id bigint NOT NULL,
    apartment character varying(255),
    city character varying(255),
    house character varying(255),
    street character varying(255),
    customer_id bigint
);


ALTER TABLE public.addresses OWNER TO postgres;

--
-- TOC entry 217 (class 1259 OID 17563)
-- Name: addresses_id_seq; Type: SEQUENCE; Schema: public; Owner: postgres
--

ALTER TABLE public.addresses ALTER COLUMN id ADD GENERATED BY DEFAULT AS IDENTITY (
    SEQUENCE NAME public.addresses_id_seq
    START WITH 1
    INCREMENT BY 1
    NO MINVALUE
    NO MAXVALUE
    CACHE 1
);


--
-- TOC entry 234 (class 1259 OID 17701)
-- Name: bonus_cards; Type: TABLE; Schema: public; Owner: postgres
--

CREATE TABLE public.bonus_cards (
    id bigint NOT NULL,
    card_number character varying(10) NOT NULL,
    points integer NOT NULL,
    customer_id bigint NOT NULL
);


ALTER TABLE public.bonus_cards OWNER TO postgres;

--
-- TOC entry 233 (class 1259 OID 17700)
-- Name: bonus_cards_id_seq; Type: SEQUENCE; Schema: public; Owner: postgres
--

ALTER TABLE public.bonus_cards ALTER COLUMN id ADD GENERATED BY DEFAULT AS IDENTITY (
    SEQUENCE NAME public.bonus_cards_id_seq
    START WITH 1
    INCREMENT BY 1
    NO MINVALUE
    NO MAXVALUE
    CACHE 1
);


--
-- TOC entry 220 (class 1259 OID 17572)
-- Name: book_warehouse; Type: TABLE; Schema: public; Owner: postgres
--

CREATE TABLE public.book_warehouse (
    id bigint NOT NULL,
    stock integer NOT NULL,
    book_id bigint NOT NULL,
    warehouse_id bigint NOT NULL
);


ALTER TABLE public.book_warehouse OWNER TO postgres;

--
-- TOC entry 219 (class 1259 OID 17571)
-- Name: book_warehouse_id_seq; Type: SEQUENCE; Schema: public; Owner: postgres
--

ALTER TABLE public.book_warehouse ALTER COLUMN id ADD GENERATED BY DEFAULT AS IDENTITY (
    SEQUENCE NAME public.book_warehouse_id_seq
    START WITH 1
    INCREMENT BY 1
    NO MINVALUE
    NO MAXVALUE
    CACHE 1
);


--
-- TOC entry 222 (class 1259 OID 17578)
-- Name: books; Type: TABLE; Schema: public; Owner: postgres
--

CREATE TABLE public.books (
    id bigint NOT NULL,
    author character varying(255),
    description character varying(255),
    isbn character varying(255),
    price numeric(38,2),
    publication_year integer NOT NULL,
    publisher character varying(255),
    stock integer NOT NULL,
    title character varying(255),
    category_id bigint,
    category character varying(255),
    cover_image character varying(255)
);


ALTER TABLE public.books OWNER TO postgres;

--
-- TOC entry 221 (class 1259 OID 17577)
-- Name: books_id_seq; Type: SEQUENCE; Schema: public; Owner: postgres
--

ALTER TABLE public.books ALTER COLUMN id ADD GENERATED BY DEFAULT AS IDENTITY (
    SEQUENCE NAME public.books_id_seq
    START WITH 1
    INCREMENT BY 1
    NO MINVALUE
    NO MAXVALUE
    CACHE 1
);


--
-- TOC entry 223 (class 1259 OID 17591)
-- Name: customer_roles; Type: TABLE; Schema: public; Owner: postgres
--

CREATE TABLE public.customer_roles (
    customer_id bigint NOT NULL,
    role_id bigint NOT NULL
);


ALTER TABLE public.customer_roles OWNER TO postgres;

--
-- TOC entry 225 (class 1259 OID 17595)
-- Name: customers; Type: TABLE; Schema: public; Owner: postgres
--

CREATE TABLE public.customers (
    id bigint NOT NULL,
    email character varying(255),
    full_name character varying(255),
    login character varying(255),
    password character varying(255),
    balance numeric(38,2) DEFAULT 0.00 NOT NULL
);


ALTER TABLE public.customers OWNER TO postgres;

--
-- TOC entry 224 (class 1259 OID 17594)
-- Name: customers_id_seq; Type: SEQUENCE; Schema: public; Owner: postgres
--

ALTER TABLE public.customers ALTER COLUMN id ADD GENERATED BY DEFAULT AS IDENTITY (
    SEQUENCE NAME public.customers_id_seq
    START WITH 1
    INCREMENT BY 1
    NO MINVALUE
    NO MAXVALUE
    CACHE 1
);


--
-- TOC entry 226 (class 1259 OID 17602)
-- Name: order_items; Type: TABLE; Schema: public; Owner: postgres
--

CREATE TABLE public.order_items (
    price_at_purchase numeric(38,2),
    quantity integer,
    order_id bigint NOT NULL,
    book_id bigint NOT NULL
);


ALTER TABLE public.order_items OWNER TO postgres;

--
-- TOC entry 228 (class 1259 OID 17608)
-- Name: orders; Type: TABLE; Schema: public; Owner: postgres
--

CREATE TABLE public.orders (
    id bigint NOT NULL,
    order_date timestamp(6) without time zone,
    payment_status character varying(255),
    payment_type character varying(255),
    status character varying(255),
    total numeric(38,2),
    customer_id bigint,
    delivery_address_id bigint
);


ALTER TABLE public.orders OWNER TO postgres;

--
-- TOC entry 227 (class 1259 OID 17607)
-- Name: orders_id_seq; Type: SEQUENCE; Schema: public; Owner: postgres
--

ALTER TABLE public.orders ALTER COLUMN id ADD GENERATED BY DEFAULT AS IDENTITY (
    SEQUENCE NAME public.orders_id_seq
    START WITH 1
    INCREMENT BY 1
    NO MINVALUE
    NO MAXVALUE
    CACHE 1
);


--
-- TOC entry 230 (class 1259 OID 17616)
-- Name: roles; Type: TABLE; Schema: public; Owner: postgres
--

CREATE TABLE public.roles (
    id bigint NOT NULL,
    name character varying(255)
);


ALTER TABLE public.roles OWNER TO postgres;

--
-- TOC entry 229 (class 1259 OID 17615)
-- Name: roles_id_seq; Type: SEQUENCE; Schema: public; Owner: postgres
--

ALTER TABLE public.roles ALTER COLUMN id ADD GENERATED BY DEFAULT AS IDENTITY (
    SEQUENCE NAME public.roles_id_seq
    START WITH 1
    INCREMENT BY 1
    NO MINVALUE
    NO MAXVALUE
    CACHE 1
);


--
-- TOC entry 232 (class 1259 OID 17622)
-- Name: warehouses; Type: TABLE; Schema: public; Owner: postgres
--

CREATE TABLE public.warehouses (
    id bigint NOT NULL,
    created_at timestamp(6) without time zone NOT NULL,
    location character varying(255),
    name character varying(255) NOT NULL
);


ALTER TABLE public.warehouses OWNER TO postgres;

--
-- TOC entry 231 (class 1259 OID 17621)
-- Name: warehouses_id_seq; Type: SEQUENCE; Schema: public; Owner: postgres
--

ALTER TABLE public.warehouses ALTER COLUMN id ADD GENERATED BY DEFAULT AS IDENTITY (
    SEQUENCE NAME public.warehouses_id_seq
    START WITH 1
    INCREMENT BY 1
    NO MINVALUE
    NO MAXVALUE
    CACHE 1
);


--
-- TOC entry 4962 (class 0 OID 17564)
-- Dependencies: 218
-- Data for Name: addresses; Type: TABLE DATA; Schema: public; Owner: postgres
--

COPY public.addresses (id, apartment, city, house, street, customer_id) FROM stdin;
6	32	Тольятти	2Б	Офицерская	2
7	309	Самара	5	Революционная	2
8		Тольятти	14	Льва яшина	6
\.


--
-- TOC entry 4978 (class 0 OID 17701)
-- Dependencies: 234
-- Data for Name: bonus_cards; Type: TABLE DATA; Schema: public; Owner: postgres
--

COPY public.bonus_cards (id, card_number, points, customer_id) FROM stdin;
1	0395931389	9	6
\.


--
-- TOC entry 4964 (class 0 OID 17572)
-- Dependencies: 220
-- Data for Name: book_warehouse; Type: TABLE DATA; Schema: public; Owner: postgres
--

COPY public.book_warehouse (id, stock, book_id, warehouse_id) FROM stdin;
\.


--
-- TOC entry 4966 (class 0 OID 17578)
-- Dependencies: 222
-- Data for Name: books; Type: TABLE DATA; Schema: public; Owner: postgres
--

COPY public.books (id, author, description, isbn, price, publication_year, publisher, stock, title, category_id, category, cover_image) FROM stdin;
10	Михаил Булгаков	Роман о любви, магии и борьбе добра со злом, где дьявол посещает Москву 1930-х годов, а Мастер и Маргарита проходят через испытания.	9785267001235	500.00	1967	Москва	20	Мастер и Маргарита	\N	Классика	/uploads/covers/f04a7a8c-97b0-4c42-95fd-ecf94f1ce390_The_Master_and_Margarita.jpg
11	Михаил Шолохов	Эпическая история казаков на Дону в период революции и Гражданской войны, за которую Шолохов получил Нобелевскую премию.	9785267002345	600.00	1940	Гослитиздат	15	Тихий Дон	\N	Исторический роман	/uploads/covers/b2d1f0d4-0471-4425-9bdc-90977e892ac8_Quiet_Flows_the_Don.jpg
12	Илья Ильф и Евгений Петров	Юмористический роман о приключениях Остапа Бендера в поисках сокровищ, спрятанных в одном из двенадцати стульев.	9785267003456	450.00	1928	Земля и фабрика	25	Двенадцать стульев	\N	Сатира	/uploads/covers/78c06202-b7dc-47bd-803c-abff52df1882_12_chairs.jpg
14	Михаил Булгаков	Повесть о профессоре Преображенском, который превращает собаку в человека, но сталкивается с неожиданными последствиями.	9785267005678	350.00	1987	Советский писатель	18	Собачье сердце	\N	Сатира	/uploads/covers/9d5d2377-1869-445d-85eb-0d979cad4612_Собачье_сердце.jpg
13	 Нечипоренко Олег Викторович	Эта книга честный рассказ об изнанке популярности, предательстве друзей и жизненных уроках. И пусть биография автора неоднозначна, его предприимчивость и талант привели музыканта на вершину российского хип-хопа.	9785171392079	966.00	2024	АСТ	19	Дежавю	\N	Биография	/uploads/covers/e528c7b1-6aaa-487f-b304-e28142768c31_Deja_vu.jpg
3	Стивен Кинг	Первая книга из цикла "Тёмная башня", рассказывающая о Роланде Дискейне, последнем стрелке, и его путешествии к загадочной Тёмной башне.	9785170801442	600.00	1982	АСТ	49	Тёмная башня: Стрелок	2	Фантастика	/uploads/covers/ed243126-e02a-47cd-8270-841067c15aee_DarkTower.jpg
1	Лев Толстой	Эпический роман о судьбах людей на фоне Наполеоновских войн.	9785353003083	1200.00	2009	Азбука	10	Война и мир	1	Роман	/uploads/covers/6532e7bb-c124-4036-a48a-7c229a5ff512_WarAndPeace.jpg
4	F. Scott Fitzgerald	История о загадочном миллионере Джее Гэтсби и его любви к прекрасной Дейзи Бьюкенен на фоне роскоши 1920-х годов в Америке.	9780743273565	500.00	1925	Scribner	30	The Great Gatsby	\N	Классика	/uploads/covers/851dc3ac-83ff-4622-869c-baac23cbc0a9_The_Great_Gatsby.jpg
5	Harper Lee	Роман о расовой несправедливости и взрослении в небольшом американском городке через глаза юной Скаут Финч.	9780446310789	600.00	1960	J.B. Lippincott & Co.	25	To Kill a Mockingbird	\N	Классика	/uploads/covers/7e08efa3-831e-445a-93f9-842a6d82c4bf_250px-To_Kill_a_Mockingbird_(first_edition_cover).jpg
6	George Orwell	Классическая антиутопия о тоталитарном обществе, где Большой Брат следит за каждым шагом.	9780451524935	450.00	1949	Secker & Warburg	40	1984	\N	Антиутопия	/uploads/covers/e9b8c14d-08ba-43dd-a950-6736b7462a44_1984_book.jpg
7	Jane Austen	История Элизабет Беннет и мистера Дарси, полная гордости, предубеждений и любви.	9780141439518	400.00	1813	T. Egerton	35	Pride and Prejudice	\N	Романтика	/uploads/covers/49f5088b-345f-47e5-9c05-08c7c32fc2f4_PrideAndPrejudice.jpg
8	J.R.R. Tolkien	Приключения Бильбо Бэггинса, который отправляется в путешествие с гномами, чтобы вернуть их сокровища, охраняемые драконом Смаугом.	9780547928227	700.00	1937	George Allen & Unwin	20	The Hobbit	\N	Фэнтези	/uploads/covers/9ff17214-eca2-441e-8521-8c050ca988c2_TheHobbit_FirstEdition.jpg
9	Frank Herbert	Эпическая история о Поле Атрейдесе, который борется за контроль над пустынной планетой Арракис, единственным источником ценного ресурса — пряности.	9780441172719	800.00	1965	Chilton Books	15	Dune	\N	Фантастика	/uploads/covers/eee9f377-1810-4620-8012-f4eae30773fc_Dune-Frank_Herbert.jpg
\.


--
-- TOC entry 4967 (class 0 OID 17591)
-- Dependencies: 223
-- Data for Name: customer_roles; Type: TABLE DATA; Schema: public; Owner: postgres
--

COPY public.customer_roles (customer_id, role_id) FROM stdin;
2	2
3	1
4	1
5	1
6	1
\.


--
-- TOC entry 4969 (class 0 OID 17595)
-- Dependencies: 225
-- Data for Name: customers; Type: TABLE DATA; Schema: public; Owner: postgres
--

COPY public.customers (id, email, full_name, login, password, balance) FROM stdin;
2	testexample@example.com	test user	testuser	$2a$10$QS5g1pJEk6vOxaaWweJomunR9uv.LgzcsSVMqwa9mVjbXPsACRDfO	0.00
3	Reyshow163@gmail.com	Владислав Калинин	LILKSBK123	$2a$10$J35VqAjrZ/yXXv7v4.WqdeuPPf88uA0qhjFxeLgGIOE1Qi0hECE9a	0.00
4	SPOKOYNICH@yandex.ru	MAKSIM SPOKOYNICH	SPOKOYNICH	$2a$10$OvgSR8LuIrXomqSnbFs1zOpIKwB882aoPyD1LzR5.1ZBvMNY9j6N2	0.00
5	SASAVOT@mail.ru	GLEB BORISOVICH	SASAVOTT	$2a$10$5p7O.sR0ULJf6QZOQdYDH.TqIFEW0z.L/wwu/z9BpnH.aaMzObYDy	0.00
6	Optional@optional.ru	Optional optional	Optional	$2a$10$SK0GNX4iCK2.19bCV1/0Qembw90w2BcbSGCQK56WygndCiG9o1Y6K	34.00
\.


--
-- TOC entry 4970 (class 0 OID 17602)
-- Dependencies: 226
-- Data for Name: order_items; Type: TABLE DATA; Schema: public; Owner: postgres
--

COPY public.order_items (price_at_purchase, quantity, order_id, book_id) FROM stdin;
1200.00	2	4	1
600.00	1	5	3
966.00	1	7	13
\.


--
-- TOC entry 4972 (class 0 OID 17608)
-- Dependencies: 228
-- Data for Name: orders; Type: TABLE DATA; Schema: public; Owner: postgres
--

COPY public.orders (id, order_date, payment_status, payment_type, status, total, customer_id, delivery_address_id) FROM stdin;
4	2025-05-06 01:05:38.266738	pending	card	pending	2400.00	2	6
5	2025-05-06 20:46:56.14641	pending	card	pending	600.00	2	7
7	2025-05-07 02:11:14.710394	completed	balance	pending	966.00	6	8
\.


--
-- TOC entry 4974 (class 0 OID 17616)
-- Dependencies: 230
-- Data for Name: roles; Type: TABLE DATA; Schema: public; Owner: postgres
--

COPY public.roles (id, name) FROM stdin;
1	USER
2	ADMIN
\.


--
-- TOC entry 4976 (class 0 OID 17622)
-- Dependencies: 232
-- Data for Name: warehouses; Type: TABLE DATA; Schema: public; Owner: postgres
--

COPY public.warehouses (id, created_at, location, name) FROM stdin;
\.


--
-- TOC entry 4984 (class 0 OID 0)
-- Dependencies: 217
-- Name: addresses_id_seq; Type: SEQUENCE SET; Schema: public; Owner: postgres
--

SELECT pg_catalog.setval('public.addresses_id_seq', 8, true);


--
-- TOC entry 4985 (class 0 OID 0)
-- Dependencies: 233
-- Name: bonus_cards_id_seq; Type: SEQUENCE SET; Schema: public; Owner: postgres
--

SELECT pg_catalog.setval('public.bonus_cards_id_seq', 1, true);


--
-- TOC entry 4986 (class 0 OID 0)
-- Dependencies: 219
-- Name: book_warehouse_id_seq; Type: SEQUENCE SET; Schema: public; Owner: postgres
--

SELECT pg_catalog.setval('public.book_warehouse_id_seq', 1, false);


--
-- TOC entry 4987 (class 0 OID 0)
-- Dependencies: 221
-- Name: books_id_seq; Type: SEQUENCE SET; Schema: public; Owner: postgres
--

SELECT pg_catalog.setval('public.books_id_seq', 14, true);


--
-- TOC entry 4988 (class 0 OID 0)
-- Dependencies: 224
-- Name: customers_id_seq; Type: SEQUENCE SET; Schema: public; Owner: postgres
--

SELECT pg_catalog.setval('public.customers_id_seq', 6, true);


--
-- TOC entry 4989 (class 0 OID 0)
-- Dependencies: 227
-- Name: orders_id_seq; Type: SEQUENCE SET; Schema: public; Owner: postgres
--

SELECT pg_catalog.setval('public.orders_id_seq', 7, true);


--
-- TOC entry 4990 (class 0 OID 0)
-- Dependencies: 229
-- Name: roles_id_seq; Type: SEQUENCE SET; Schema: public; Owner: postgres
--

SELECT pg_catalog.setval('public.roles_id_seq', 1, true);


--
-- TOC entry 4991 (class 0 OID 0)
-- Dependencies: 231
-- Name: warehouses_id_seq; Type: SEQUENCE SET; Schema: public; Owner: postgres
--

SELECT pg_catalog.setval('public.warehouses_id_seq', 1, false);


--
-- TOC entry 4787 (class 2606 OID 17570)
-- Name: addresses addresses_pkey; Type: CONSTRAINT; Schema: public; Owner: postgres
--

ALTER TABLE ONLY public.addresses
    ADD CONSTRAINT addresses_pkey PRIMARY KEY (id);


--
-- TOC entry 4803 (class 2606 OID 17705)
-- Name: bonus_cards bonus_cards_pkey; Type: CONSTRAINT; Schema: public; Owner: postgres
--

ALTER TABLE ONLY public.bonus_cards
    ADD CONSTRAINT bonus_cards_pkey PRIMARY KEY (id);


--
-- TOC entry 4789 (class 2606 OID 17576)
-- Name: book_warehouse book_warehouse_pkey; Type: CONSTRAINT; Schema: public; Owner: postgres
--

ALTER TABLE ONLY public.book_warehouse
    ADD CONSTRAINT book_warehouse_pkey PRIMARY KEY (id);


--
-- TOC entry 4791 (class 2606 OID 17584)
-- Name: books books_pkey; Type: CONSTRAINT; Schema: public; Owner: postgres
--

ALTER TABLE ONLY public.books
    ADD CONSTRAINT books_pkey PRIMARY KEY (id);


--
-- TOC entry 4793 (class 2606 OID 17601)
-- Name: customers customers_pkey; Type: CONSTRAINT; Schema: public; Owner: postgres
--

ALTER TABLE ONLY public.customers
    ADD CONSTRAINT customers_pkey PRIMARY KEY (id);


--
-- TOC entry 4795 (class 2606 OID 17606)
-- Name: order_items order_items_pkey; Type: CONSTRAINT; Schema: public; Owner: postgres
--

ALTER TABLE ONLY public.order_items
    ADD CONSTRAINT order_items_pkey PRIMARY KEY (book_id, order_id);


--
-- TOC entry 4797 (class 2606 OID 17614)
-- Name: orders orders_pkey; Type: CONSTRAINT; Schema: public; Owner: postgres
--

ALTER TABLE ONLY public.orders
    ADD CONSTRAINT orders_pkey PRIMARY KEY (id);


--
-- TOC entry 4799 (class 2606 OID 17620)
-- Name: roles roles_pkey; Type: CONSTRAINT; Schema: public; Owner: postgres
--

ALTER TABLE ONLY public.roles
    ADD CONSTRAINT roles_pkey PRIMARY KEY (id);


--
-- TOC entry 4805 (class 2606 OID 17707)
-- Name: bonus_cards ukclei6twht9pdk0mshq3mu76qh; Type: CONSTRAINT; Schema: public; Owner: postgres
--

ALTER TABLE ONLY public.bonus_cards
    ADD CONSTRAINT ukclei6twht9pdk0mshq3mu76qh UNIQUE (card_number);


--
-- TOC entry 4801 (class 2606 OID 17628)
-- Name: warehouses warehouses_pkey; Type: CONSTRAINT; Schema: public; Owner: postgres
--

ALTER TABLE ONLY public.warehouses
    ADD CONSTRAINT warehouses_pkey PRIMARY KEY (id);


--
-- TOC entry 4813 (class 2606 OID 17674)
-- Name: orders fk3s2t83m5ddty3rgomn94d4ht6; Type: FK CONSTRAINT; Schema: public; Owner: postgres
--

ALTER TABLE ONLY public.orders
    ADD CONSTRAINT fk3s2t83m5ddty3rgomn94d4ht6 FOREIGN KEY (delivery_address_id) REFERENCES public.addresses(id);


--
-- TOC entry 4807 (class 2606 OID 17634)
-- Name: book_warehouse fk8nb2rl0kjffpnmgug5qwl5sle; Type: FK CONSTRAINT; Schema: public; Owner: postgres
--

ALTER TABLE ONLY public.book_warehouse
    ADD CONSTRAINT fk8nb2rl0kjffpnmgug5qwl5sle FOREIGN KEY (book_id) REFERENCES public.books(id);


--
-- TOC entry 4815 (class 2606 OID 17708)
-- Name: bonus_cards fka0mmsg5bonlw0at4pxcc5dm15; Type: FK CONSTRAINT; Schema: public; Owner: postgres
--

ALTER TABLE ONLY public.bonus_cards
    ADD CONSTRAINT fka0mmsg5bonlw0at4pxcc5dm15 FOREIGN KEY (customer_id) REFERENCES public.customers(id);


--
-- TOC entry 4811 (class 2606 OID 17659)
-- Name: order_items fkbioxgbv59vetrxe0ejfubep1w; Type: FK CONSTRAINT; Schema: public; Owner: postgres
--

ALTER TABLE ONLY public.order_items
    ADD CONSTRAINT fkbioxgbv59vetrxe0ejfubep1w FOREIGN KEY (order_id) REFERENCES public.orders(id);


--
-- TOC entry 4809 (class 2606 OID 17654)
-- Name: customer_roles fkgee5mori29s8ae8hwcl23qxf0; Type: FK CONSTRAINT; Schema: public; Owner: postgres
--

ALTER TABLE ONLY public.customer_roles
    ADD CONSTRAINT fkgee5mori29s8ae8hwcl23qxf0 FOREIGN KEY (customer_id) REFERENCES public.customers(id);


--
-- TOC entry 4806 (class 2606 OID 17629)
-- Name: addresses fkhrpf5e8dwasvdc5cticysrt2k; Type: FK CONSTRAINT; Schema: public; Owner: postgres
--

ALTER TABLE ONLY public.addresses
    ADD CONSTRAINT fkhrpf5e8dwasvdc5cticysrt2k FOREIGN KEY (customer_id) REFERENCES public.customers(id);


--
-- TOC entry 4808 (class 2606 OID 17639)
-- Name: book_warehouse fkhv9jxcs8h3yra6ii5byhnfqbk; Type: FK CONSTRAINT; Schema: public; Owner: postgres
--

ALTER TABLE ONLY public.book_warehouse
    ADD CONSTRAINT fkhv9jxcs8h3yra6ii5byhnfqbk FOREIGN KEY (warehouse_id) REFERENCES public.warehouses(id);


--
-- TOC entry 4812 (class 2606 OID 17664)
-- Name: order_items fki4ptndslo2pyfp9r1x0eulh9g; Type: FK CONSTRAINT; Schema: public; Owner: postgres
--

ALTER TABLE ONLY public.order_items
    ADD CONSTRAINT fki4ptndslo2pyfp9r1x0eulh9g FOREIGN KEY (book_id) REFERENCES public.books(id);


--
-- TOC entry 4810 (class 2606 OID 17649)
-- Name: customer_roles fknjtvg9npn1etke1ldeffa0ym6; Type: FK CONSTRAINT; Schema: public; Owner: postgres
--

ALTER TABLE ONLY public.customer_roles
    ADD CONSTRAINT fknjtvg9npn1etke1ldeffa0ym6 FOREIGN KEY (role_id) REFERENCES public.roles(id);


--
-- TOC entry 4814 (class 2606 OID 17669)
-- Name: orders fkpxtb8awmi0dk6smoh2vp1litg; Type: FK CONSTRAINT; Schema: public; Owner: postgres
--

ALTER TABLE ONLY public.orders
    ADD CONSTRAINT fkpxtb8awmi0dk6smoh2vp1litg FOREIGN KEY (customer_id) REFERENCES public.customers(id);


-- Completed on 2025-05-07 02:44:36

--
-- PostgreSQL database dump complete
--

